<?xml version="1.0" encoding="utf-8" ?>
<dwsync>
<file name="logo.png" server="code-postal-fr.net" local="130328040044903225" remote="130665282600000000" Dst="1" />
<file name="200867104174132.jpg" server="code-postal-fr.net" local="130328014169133215" remote="130665282600000000" Dst="1" />
<file name="2010917163410745.jpg" server="code-postal-fr.net" local="130328015418674685" remote="130665282600000000" Dst="1" />
<file name="20130506105438811.jpg" server="code-postal-fr.net" local="130328013359106885" remote="130665282600000000" Dst="1" />
<file name="none-31814542.jpg" server="code-postal-fr.net" local="130328013580299536" remote="130665282600000000" Dst="1" />
<file name="2007113093630265_2.jpg" server="code-postal-fr.net" local="130328015541401705" remote="130665282600000000" Dst="1" />
<file name="未标题-1.psd" server="code-postal-fr.net" local="130328042123740632" remote="130665282600000000" Dst="1" />
<file name="logo.png" server="code-postal-fr.net//codepostal/" local="130328040044903225" remote="130885598080000000" Dst="1" />
</dwsync>