<?xml version="1.0" encoding="utf-8" ?>
<dwsync>
<file name="css.css" server="code-postal-fr.net" local="130344470226432534" remote="130665283200000000" Dst="1" />
<file name="index.php" server="code-postal-fr.net" local="130373310493500507" remote="130373310000000000" Dst="1" />
<file name="index.html" server="code-postal-fr.net" local="130328328677527290" remote="130328328600000000" Dst="1" />
<file name="recherche.php" server="code-postal-fr.net" local="130374174107937819" remote="130665864000000000" Dst="1" />
<file name="head.php" server="code-postal-fr.net" local="130338358654917122" remote="130646364600000000" Dst="1" />
<file name="ville.php" server="code-postal-fr.net" local="130612276899408021" remote="130665283200000000" Dst="1" />
<file name="foot.php" server="code-postal-fr.net" local="130550017127401377" remote="130550017200000000" Dst="2" />
<file name="ville_show.css" server="code-postal-fr.net" local="130340382056960032" remote="130665283800000000" Dst="1" />
<file name="ville_show.php" server="code-postal-fr.net" local="130350834237043873" remote="130665283800000000" Dst="1" />
<file name="departement.php" server="code-postal-fr.net" local="130371186454685356" remote="130371186000000000" Dst="1" />
<file name="googledf2b92f910d3b173.html" server="code-postal-fr.net" local="130695500971518208" remote="130695501000000000" Dst="1" />
<file name="sitemap.xml" server="code-postal-fr.net" local="130339619262941084" remote="130339619400000000" Dst="1" />
<file name="contact.php" server="code-postal-fr.net" local="130338425509709224" remote="130338425400000000" Dst="1" />
<file name="bigdump.php" server="code-postal-fr.net" local="130334973788920958" remote="130334973600000000" Dst="1" />
<file name="function.php" server="code-postal-fr.net" local="130101526800000000" remote="130531852200000000" Dst="2" />
<file name="email.php" server="code-postal-fr.net" local="130336054688047649" remote="130336054200000000" Dst="1" />
<file name="emailfaa.php" server="code-postal-fr.net" local="130531852517625377" remote="130531852200000000" Dst="2" />
<file name="email_pub.php" server="code-postal-fr.net" local="130336057433975986" remote="130531852200000000" Dst="2" />
<file name="recherche2.php" server="code-postal-fr.net" local="130336952437404854" remote="130665864000000000" Dst="1" />
<file name="BingSiteAuth.xml" server="code-postal-fr.net" local="130347043096992880" remote="130347043200000000" Dst="1" />
<file name="ville_show.css" server="code-postal-fr.net//codepostal/" local="130340382056960032" remote="130885597990000000" Dst="1" />
<file name="ville_show.php" server="code-postal-fr.net//codepostal/" local="131020918107356101" remote="131020922070000000" Dst="1" />
<file name="ville.php" server="code-postal-fr.net//codepostal/" local="131026938292992413" remote="131026938400000000" Dst="1" />
<file name="css.css" server="code-postal-fr.net//codepostal/" local="130925345524722404" remote="130925345690000000" Dst="1" />
<file name="head.php" server="code-postal-fr.net//codepostal/" local="131030505014540039" remote="131030505110000000" Dst="1" />
<file name="recherche.php" server="code-postal-fr.net//codepostal/" local="131020917954617365" remote="131020922040000000" Dst="1" />
<file name="foot.php" server="code-postal-fr.net//codepostal/" local="131039756458282153" remote="131039756550000000" Dst="2" />
<file name="ade.php" server="code-postal-fr.net//codepostal/" local="130977609683225118" remote="130977609600000000" Dst="1" />
<file name="index.php" server="code-postal-fr.net//codepostal/" local="130373310493500507" remote="130998478240000000" Dst="1" />
<file name="sitemap.xml" server="code-postal-fr.net//codepostal/" local="130885596530000000" remote="130885596530000000" Dst="1" />
<file name="baidu_verify_j48KOGrLMZ.html" server="code-postal-fr.net//codepostal/" local="131014909634623673" remote="131014909860000000" Dst="1" />
<file name="departement.php" server="code-postal-fr.net//codepostal/" local="131026938195341624" remote="131026938340000000" Dst="1" />
<file name="recherche2.php" server="code-postal-fr.net//codepostal/" local="131020918012880697" remote="131020922050000000" Dst="1" />
<file name="foot.php" server="code-postal-fr.net/codepostal/" local="131097825214165903" remote="131097825270000000" Dst="2" />
<file name="css.css" server="code-postal-fr.net/codepostal/" local="131097821376078896" remote="131097821540000000" Dst="2" />
<file name="ville.php" server="code-postal-fr.net/codepostal/" local="131097824832664083" remote="131097824910000000" Dst="2" />
</dwsync>